Subject Matter,Narrative,Mood,Composition,Perspective,Style,Time Period_Context,Color Scheme
"Underwater Worlds: Marine life, coral reefs, underwater landscapes.",Utopian Vision: A narrative depicting an idealized world and the implications of such a society.,"Tense/Anxious: Conveys a feeling of tension, anxiety, or unease.",Central Composition: Placing the subject at the center of the frame for emphasis.,Linear Perspective: Using straight lines converging at a single point to create depth and distance.,Digital Glitch Art: A style that deliberately exploits digital or analog errors for aesthetic purposes.,"Stone Age: Hunter-gatherers, cave paintings, and early human tools.","Sepia: Warm brown tones, giving a vintage or historic feel."
"Space/Astronomy: Planets, stars, galaxies, space exploration.",Dystopian Reality: Showcases a world where societal structures have led to bleak or oppressive conditions.,"Inspirational/Motivational: Evokes a sense of inspiration, encouragement, and motivation.",Golden Ratio: Composition based on the Golden Ratio (1.618) for a naturally pleasing aesthetic.,"Isometric Perspective: Parallel lines remain parallel, often used in technical and architectural drawings.",Eco-Art Photography: Images capturing environmental art installations or sculptures made from natural or recycled materials.,"Bronze Age: Early civilizations, bronze tools, and the beginning of urban societies.","Jewel Tones: Deep, rich colors like ruby red, sapphire blue, and emerald green, suggesting luxury and opulence."
"Fantasy/Mythology: Mythical creatures, fantastical landscapes, legendary scenes.",Adventure/Exploration: Focuses on characters undertaking a journey through unknown or exotic locations.,"Contemplative/Reflective: Suggests deep thought, reflection, or introspection.",Diagonal Composition: Using diagonal lines to create movement and direction.,Curvilinear Perspective: Using curved lines to depict distortion and a wide angle of view.,Contemporary Aboriginal Dot Painting: A modern interpretation of the traditional Australian Aboriginal art form.,"Iron Age: Introduction of iron metallurgy, development of ancient warfare.","Metallic: Gold, silver, bronze, and metallic finishes, giving a sleek, modern look."
"Fashion/Beauty: Clothing, makeup, fashion shows, beauty trends.",Survival: Centers around a character's struggle to survive in challenging or hostile environments.,"Mystical/Spiritual: Conveys a sense of the mystical, spiritual, or transcendent.","Triangular Composition: Arranging elements to form a triangle, creating stability and focus.","Two-Point Perspective: Utilizing two vanishing points, often used in 3D and architectural renderings.","Pixel Art: Artistic imagery created with digital pixels, often reminiscent of early video games.","Ancient Egypt: Pharaohs, pyramids, and the Nile civilization.","Primary Colors: Basic colors of red, blue, and yellow, creating bold and striking contrasts."
"Transportation: Cars, trains, planes, boats, futuristic vehicles.",Rags to Riches: A tale of a character rising from poverty to wealth or success.,"Aggressive/Intense: Reflects aggression, intensity, or a sense of confrontation.",High/Low Horizon: Placing the horizon high or low in the frame to emphasize either the sky or the land.,"Over-the-Shoulder: Showing a subject from behind another, creating a connection between viewer and scene.",AI-Generated Abstract Art: Abstract art created using artificial intelligence algorithms.,"Mesoamerica: Mayan, Aztec civilizations, and their cultural practices.","Secondary Colors: Green, orange, and purple, derived from the combination of primary colors."
"Food/Cuisine: Different cuisines, dishes, cooking scenes, food markets.",Revenge: A story centered around a protagonist's quest for vengeance.,"Whimsical/Fanciful: Evokes a playful, fanciful, or whimsical mood.",Juxtaposition: Placing contrasting elements together to highlight differences or create tension.,"Panoramic Perspective: A wide-angle view, capturing a broad perspective of a landscape or scene.",Performance Art Photography: Stills capturing moments from performance art pieces.,"Ancient China: Dynasties, Great Wall, and ancient Chinese culture.","Tertiary Colors: Intermediate colors formed by mixing a primary and a secondary color, like yellow-green or blue-violet."
"Animals/Wildlife: Various animal species, animal behaviors, habitats.",Transformation/Rebirth: Involves a character undergoing a significant change or metamorphosis.,"Lonely/Isolated: Conveys feelings of loneliness, isolation, or abandonment.",Fill the Frame: Filling the frame with the subject to create an intimate and detailed view.,"Close-Up: Focusing tightly on a subject or detail, often used to emphasize emotion or importance.",Interactive Art Visualization: Digital representations of art that involve viewer interaction or participation.,"Ancient India: Harappan civilization, Vedic period, and early Hinduism.","Split-Complementary: A base color with the two colors adjacent to its complementary color, offering high contrast with less tension."
"Surrealism: Dream-like scenes, surreal landscapes, bizarre combinations.",Friendship: Explores the dynamics and importance of platonic relationships.,"Hopeful/Optimistic: Suggests hope, optimism, or a positive outlook towards the future.","Minimalist Composition: Using minimal elements to create a simple, clean, and uncluttered image.","Long Shot: Capturing the subject within a broader context or environment, often used in film.",Urban Street Photography: Capturing the essence of street art and urban graffiti in various cities.,"Ancient Persia: Persian Empire, Zoroastrianism, and ancient Persian culture.","Shades: Darker tones of a particular color, achieved by adding black, creating depth and intensity."
"Seasons/Weather: Seasonal changes, weather phenomena, landscapes in different seasons.",Betrayal: Revolves around acts of treachery and their consequences.,"Empowering/Liberating: Reflects a sense of empowerment, liberation, or freedom.",Dutch Angle: Tilting the camera to create a sense of imbalance or tension.,Dynamic Perspective: Using angles and framing to create a sense of motion or action.,"Anarchist Art Graphics: Artworks that convey anarchistic themes or ideologies, suitable for digital reproduction.","Viking Age: Norse mythology, sea expeditions, and Scandinavian culture.","Tints: Lighter tones of a color, achieved by adding white, creating a softer, more delicate effect."
"Education/Learning: Classrooms, libraries, educational concepts, learning environments.",Escape/Chase: Focuses on a character's attempt to escape from or evade others.,"Chaotic/Disordered: Conveys a sense of chaos, disorder, or confusion.",Rule of Odds: Featuring an odd number of subjects to create visual interest and harmony.,"Subjective Perspective: Representing a scene from a subjective point of view, often to convey emotional states.",Feminist Art Collages: Digital collages focusing on themes of feminism and gender equality.,"Byzantine Empire: Eastern Roman Empire, Orthodox Christianity, and Byzantine art.","Monotone: Various shades, tints, and tones of a single color, for a cohesive and sophisticated look."
"Health/Medicine: Medical scenes, health-related topics, hospitals, wellness.",Sacrifice: Involves a character making a significant sacrifice for a greater good.,"Ethereal/Otherworldly: Evokes a light, airy, or otherworldly feeling.",Isolation: Isolating the subject from its surroundings to focus attention solely on it.,Oblique Perspective: Offering a view with a sense of depth but without a single point of convergence.,Mixed Media Digital Art: Combining various digital techniques like 3D rendering with traditional artistic elements.,"Islamic Golden Age: Advancements in science, culture, and the spread of Islam.","High Contrast: Stark contrasts between colors, often using black and white or bold colors against each other."
"Agriculture/Farming: Farms, crops, livestock, rural life.",Discovery/Invention: Centers around the discovery or creation of something significant.,"Melodic/Harmonious: Reflects musicality, harmony, or a sense of rhythm.",Foreground Interest: Using elements in the foreground to add depth and context.,"Zero-Point Perspective: Focusing on a scene without depth, often used in abstract or minimalistic compositions.",Queer Art Portraits: Portraits that explore and celebrate queer identities and themes.,"Mongol Empire: Genghis Khan, horseback warriors, and the largest contiguous empire.","Low Contrast: Subtle differences in color brightness, creating a more blended and softer look."
"Music Instruments: Various musical instruments, musicians playing instruments.",War/Conflict: Depicts the realities and dramas of war or large-scale conflict.,"Dystopian/Apocalyptic: Suggests a bleak, dystopian, or apocalyptic mood.",Dynamic Tension: Creating a sense of movement or tension through compositional elements.,"Multi-Point Perspective: Using more than three vanishing points, often for complex or surreal compositions.",Eco-Friendly Fashion Design Sketches: Illustrations of fashion designs made with sustainable materials.,"Age of Discovery: European exploration, colonization, and the discovery of new continents.","Fluorescent: Bright, glowing colors that are extremely vivid, often used to grab attention."
"Robotics/AI: Robots, artificial intelligence, cybernetic organisms.",Crime and Punishment: Explores the themes of criminal activity and its consequences.,"Majestic/Grand: Conveys grandeur, majesty, or awe-inspiring beauty.",S-Curve: Using an S-shaped line to lead the viewer's eye through the image.,"Macro Perspective: Extremely close-up view, revealing fine details often invisible to the naked eye.",Tribal Mask Digital Renderings: High-fidelity digital renderings of traditional African or Native American masks.,"Elizabethan Era: Shakespeare, the English Renaissance, and maritime expansion.","Duotone: Using two colors, often contrasting, to create a striking and modern effect."
"Traditional Crafts: Handicrafts, traditional art forms, artisans at work.",Fantasy/Mythology: Incorporates fantastical elements or mythical lore in its narrative.,"Gritty/Realistic: Reflects a gritty, realistic, or unpolished mood.","Radial Composition: Elements radiate out from a central point, creating a sense of motion or expansion.",Fish-Eye Perspective: Utilizing a wide-angle lens to create a spherical or distorted effect.,Scandinavian Design Digital Interpretations: Art pieces inspired by the minimalism and functionality of Scandinavian design.,"Edo Period Japan: Samurai culture, Tokugawa shogunate, and isolationist policies.","Gradient: Gradual transition from one color to another, often used to create depth or a 3D effect."
"Under the Microscope: Microscopic imagery, cells, bacteria, microscopic phenomena.","Science Fiction: Focuses on futuristic, scientific, and technological advancements and their impact.","Idyllic/Pastoral: Suggests a peaceful, rural, or idyllic setting.","Mirroring: Reflecting a subject in water, glass, or other reflective surfaces.","Rear View: Showing a subject or scene from behind, often to create a sense of mystery or detachment.","Craft-Inspired Digital Patterns: Patterns and designs inspired by traditional crafts like weaving or pottery, created digitally.","Victorian Era: British Empire, industrial advancements, and Victorian culture.","Muted: Desaturated colors that are less intense, creating a more understated and elegant feel."
"Outer Space Exploration: Astronauts, space stations, interstellar travel.","Horror: Designed to evoke fear, often featuring supernatural elements or suspenseful situations.","Pensive/Brooding: Conveys deep or serious thought, often with a darker tone.",Overlapping Layers: Layering elements at different distances to create depth.,"Ground-Level Perspective: Viewing subjects as if lying on the ground, giving a unique viewpoint.",Russian Constructivism Posters: Digitally created posters reflecting the geometric and abstract style of Russian Constructivism.,"American Frontier: Wild West, pioneers, and Native American cultures.","Black and White: Classic combination of black and white, creating a timeless and sophisticated look."
"Arctic/Antarctic: Polar landscapes, icebergs, polar wildlife.",Psychological Thriller: Centers around psychological tension and mind games.,"Adventurous/Exciting: Suggests excitement, adventure, or a sense of risk.",Framing with Light: Using light and shadow to frame the subject.,"Elevated Perspective: Looking at a scene from a slightly raised position, offering a clearer view of subjects.",Recycled Material Sculpture Photography: Images showcasing sculptures made entirely from recycled materials.,"French Revolution: Political upheaval, Napoleon Bonaparte, and social change.","Greyscale: Range of grays from white to black, used for a classic, elegant effect."
"Desert Landscapes: Deserts, dunes, oasis, desert flora and fauna.","Historical: Set in a historical period, focusing on the events or lifestyles of the past.","Comforting/Reassuring: Conveys a sense of comfort, reassurance, or security.",Bokeh: Utilizing out-of-focus areas to create a pleasing background.,"Underwater Perspective: Viewing subjects from below the water surface, offering a unique, fluid view.","Digital Landscape Tapestry Designs: Art that mimics the style of woven tapestries, focusing on landscapes or nature themes.","Romantic Era: Artistic, literary, and intellectual movement against industrialization.","Sunset Colors: Reds, oranges, and purples that mimic the colors of a sunset, creating a warm and inviting feel."
"Mountains/Hiking: Mountain landscapes, hiking trails, mountaineering.",Biographical: Tells the story of a real person's life or a significant part of it.,"Gloomy/Dreary: Suggests gloom, dreariness, or a lack of hope.",Selective Focus: Using a shallow depth of field to isolate the subject and blur the background.,"Sideways Perspective: Presenting subjects from a side view, often used to show profiles or movement.",Happening Event Illustrations: Artistic interpretations of “Happenings” or art events where the performance is the artwork.,"Belle Époque: Peaceful European era, cultural innovations, and Art Nouveau.","Icy Colors: Pale blues, whites, and silvers, evoking a cold, wintry feel."
"Festivals/Celebrations: Various festivals, celebrations, ceremonies.",Family Drama: Focuses on the dynamics and issues within a family unit.,"Luxurious/Opulent: Reflects luxury, opulence, or lavishness.","Bird's Eye View: Looking down on a scene from above, offering a unique perspective.",Cross-Sectional Perspective: Cutting through objects or scenes to view their internal structure.,Tachisme,"Roaring Twenties: Jazz Age, economic prosperity, and social change in the US.","Nautical: Navy, white, and red, often associated with maritime themes."
"Childhood/Memories: Childhood scenes, nostalgic moments, memory concepts.",Moral Dilemma: Involves a character facing a challenging ethical choice.,"Patriotic/Nationalistic: Conveys national pride, patriotism, or nationalistic sentiment.","Worm's Eye View: Looking up from a low position, creating a sense of grandeur or dominance.",Reflective Perspective: Using reflective surfaces like mirrors or water to create a dual perspective.,Fluxus,"Great Depression: Economic downturn, Dust Bowl, and New Deal policies.","Tropical: Bright greens, yellows, and blues, reminiscent of tropical landscapes."
"Industrial/Manufacturing: Factories, machinery, industrial processes.",Culture Clash: Centers around the interaction or conflict between different cultures.,"Primal/Raw: Reflects a primal, raw, or untamed nature.","Panoramic View: Capturing a wide, expansive field of view.",Telephoto Perspective: Using a long-focus lens to compress distance and bring far objects closer.,Vorticism,"Cold War: Nuclear arms race, space race, and geopolitical tension between superpowers.","Autumnal: Oranges, reds, and browns, evoking the feeling of autumn."
"Digital/Virtual Reality: Virtual landscapes, digital environments, VR concepts.",Political Intrigue: Involves the complex and often manipulative world of politics.,"Satirical/Ironic: Suggests satire, irony, or a critical viewpoint.","Intimate Landscape: Focusing on small, detailed scenes within a larger landscape.","Extreme Long Shot: Capturing a very wide view, often used to show the subject in a vast environment.",Ashcan School,"Postmodern Era: Skepticism, irony, and questioning of grand narratives in art and culture.","Spring: Soft greens, pinks, and yellows, reflecting the colors of springtime."
"Gardening/Botany: Gardens, plants, botanical scenes, horticulture.",Environmental: Focuses on environmental issues or the relationship between humans and nature.,"Bizarre/Eccentric: Conveys oddity, eccentricity, or the bizarre.","Environmental Portrait: Capturing the subject within their environment, telling a story about their life or work.","Cutaway Perspective: Removing a part of the scene to reveal hidden elements, often used in technical illustrations.",Orientalism,"Digital Age: The rise of the internet, digital technology, and cyberculture.","Neon: Extremely bright and saturated colors, often used to create a bold, modern look."
"Nightscapes/Astrology: Night skies, constellations, astrology-themed imagery.","Spiritual/Religious: Explores themes of spirituality, faith, or religious beliefs.","Futuristic/Progressive: Reflects a futuristic, forward-thinking, or progressive mood.","Abstract Composition: Creating an image with no clear subject, focusing instead on shapes, colors, and forms.","Top-Down Perspective: Looking directly down on a scene, similar to bird's-eye but more direct and flat.",Precisionism,"Steampunk: Retro-futuristic technology, Victorian aesthetics, and alternative history.","Retro: Color schemes from specific past decades, like the 60s, 70s, or 80s."
"Underworld/Dark Fantasy: Dark fantasy landscapes, underworld scenes, gothic themes.","Satire: Uses humor, irony, or exaggeration to critique or mock real-life situations.","Rustic/Simple: Suggests simplicity, rusticity, or a return to basics.","Forced Perspective: Using optical illusions to make an object appear larger, smaller, farther, or closer than it actually is.","Cinematic Perspective: Framing shots as if in a movie, often used to create a storytelling effect.",Luminism,"Cyberpunk: High-tech, low-life settings, focusing on futuristic dystopian societies.","Camouflage: Greens, browns, and tans, used for blending into natural surroundings."
"Minimalism: Minimalist compositions, simple forms, negative space.",Time Travel: Involves characters traveling to different times or eras.,"Urban/Modern: Reflects an urban, modern, or contemporary setting.",Kinetic Composition: Capturing motion to create a sense of speed or movement.,"Split Perspective: Showing two or more perspectives simultaneously, often to compare or contrast.",Biomorphism,"Post-Apocalyptic: World after catastrophic events, survival themes, and desolate landscapes.","Gothic: Dark reds, blacks, and purples, often associated with gothic themes."
"Street Art/Graffiti: Urban street art, graffiti, public art installations.","Space Opera: Epic tales set in outer space, often with dramatic and grand themes.","Vintage/Retro: Conveys a nostalgic or retro feel, reminiscent of a past era.",Vignette: Darkening the corners of the frame to focus attention on the subject.,"Kaleidoscopic Perspective: Multiplying and mirroring images to create a repetitive, symmetrical effect.",Rayonism,"Alternate History: Historical events occurring differently, leading to different world scenarios.","Oceanic: Various shades of blue and green, representing the colors of the ocean."
"Oceanography/Marine Science: Ocean scenes, marine research, underwater technology.","Parallel Universes: Explores the concept of multiple, co-existing realities or dimensions.","Clinical/Impersonal: Reflects a clinical, sterile, or impersonal mood.",Sequential Composition: Telling a story or showing progression through a series of images.,Infrared Perspective: Using infrared photography to capture wavelengths of light not visible to the naked eye.,Orphism,Underwater Civilization: Imaginary or futuristic underwater societies and technologies.,"Minimalist: Limited color palette, often using blacks, whites, and grays for a clean, uncluttered look."
"Aviation/Flight: Aircraft, aerial views, skydiving, paragliding.",Cyberpunk: Combines high-tech settings with 'low-life' or dystopian elements.,"Intimate/Private: Suggests intimacy, privacy, or a personal connection.",Asymmetrical Balance: Creating balance in the composition without symmetrical elements.,"Thermal Perspective: Visualizing heat signatures, often used in scientific or surveillance imagery.",Naïve Art,"Space Opera: Dramatic, large-scale space adventures, often involving complex narratives.","Chiaroscuro: Strong contrasts between light and dark, creating a dramatic effect."
"War/Conflict: Battle scenes, military equipment, historical wars.",Heist/Caper: Focuses on the planning and execution of a theft or complex scheme.,"Cultural/Ethnic: Reflects a specific cultural, ethnic, or traditional mood.","Rule of Space: Giving the subject space to move or look into, creating a sense of direction or movement.",Night Vision Perspective: Viewing scenes in low-light conditions using night vision technology.,Biedermeier,"Neo-noir: Modern take on film noir, featuring crime, moral ambiguity, and urban settings.","Luminous: Colors that seem to emit light, often bright and eye-catching."
"Geology/Earth Sciences: Geological formations, minerals, earth processes.",Coming-of-Age in a Foreign Land: Focuses on a young protagonist adapting to a new culture or country.,"Philosophical/Profound: Suggests a philosophical, deep, or profound nature.","Multi-Layered Composition: Incorporating multiple layers of depth, often with a mix of focused and unfocused areas.","X-Ray Perspective: Using X-ray imaging to see through objects, often used in medical or scientific contexts.",Social Realism,"Dystopian Society: Depicting oppressive, controlled societies, often as a warning for the future.","Rustic: Natural, muted colors like browns, greens, and oranges, often found in rural or natural settings."
"Macro Photography: Close-up details, textures, small-scale subjects.",Alien Encounters: Centers around interactions between humans and extraterrestrial beings.,"Muted/Subdued: Conveys a muted, subdued, or understated mood.",Geometric Composition: Using geometric shapes and lines to organize the elements within the frame.,"Hyperspectral Perspective: Capturing a wide range of electromagnetic spectrum, for detailed analysis.",Magic Realism,"Utopian Society: Idealized, perfect societies, often exploring social and political structures.","Psychedelic: Bright, swirling colors, often used to create a trippy, surreal effect."
"Folklore/Traditions: Folk tales, traditional stories, cultural rituals.",Post-Apocalyptic: Set in a world that has experienced a catastrophic event.,"Exotic/Foreign: Suggests an exotic, foreign, or unfamiliar feel.",Scale and Proportion: Playing with the scale of subjects to create a sense of size and proportion.,Microscopic Perspective: Magnifying tiny subjects to a level visible to the human eye.,Hudson River School,"High Fantasy: Epic tales, magical worlds, and complex lore (distinct from mythological fantasy).","Seasonal: Colors representative of specific seasons (e.g., winter blues, summer yellows)."
"Eco/Green Technology: Renewable energy, eco-friendly technologies, green innovations.",Underdog Story: Follows a character who is at a disadvantage but overcomes obstacles.,"Industrial/Functional: Reflects an industrial, functional, or utilitarian mood.","Aerial Composition: Capturing scenes from an aircraft or drone, offering a broad, top-down perspective.",Satellite Perspective: Viewing the Earth or other celestial bodies from a satellite's viewpoint.,Neue Sachlichkeit (New Objectivity),Parallel Universes: Exploring alternate realities or dimensions with different laws or histories.,Historic: Color palettes that are characteristic of specific historical periods.
"Dystopia/Post-Apocalyptic: Dystopian landscapes, post-apocalyptic scenes.",Whodunit: A classic detective story focusing on solving a crime or mystery.,"Surreal/Fantastical: Conveys a surreal, fantastical, or otherworldly mood.",Silhouette: Backlighting the subject to create a silhouette effect.,"Time-Lapse Perspective: Showing the progression of time in a compressed format, often to show change.",Lettrism,Ancient Alien Theory: Imagining ancient civilizations influenced by extraterrestrial beings.,Cultural: Color schemes representative of specific cultures or geographic regions.
"Urban Decay/Abandonment: Abandoned places, urban decay, ruins.","Road Trip: Centers around a journey, often leading to self-discovery or adventure.","Medieval/Ancient: Reflects a medieval, ancient, or historical mood.",Light and Shadow: Using the interplay of light and shadow to create mood and contrast.,"Virtual Reality Perspective: Immersive, 360-degree view, creating a sense of being in a different reality.",Spatialism,"Biopunk: Focusing on biotechnology, genetic engineering, and ethical quandaries.",Mood-Inducing: Colors selected to evoke specific emotions or moods.
"Retro/Nostalgia: Retro styles, vintage scenes, historical aesthetics.",Sports/Competition: Focuses on characters involved in sports or competitive activities.,"Cyberpunk/High-Tech: Suggests a cyberpunk, high-tech, or futuristic mood.",Reflection and Symmetry: Using reflections to create symmetry and balance.,"Augmented Reality Perspective: Overlaying digital information on the real world, offering an enhanced view.",Gutai Group,Afrofuturism: Combining African culture with science fiction and historical fiction.,"Cosmic: Dark blues, purples, and blacks, often with specks of white or bright colors, representing outer space."
"Fire and Ice: Contrasting themes of fire and ice, volcanic and icy landscapes.",Virtual Reality: Explores the implications and experiences within simulated environments.,"Elemental/Natural: Reflects the elements of nature, like earth, wind, fire, or water.","Cinematic Composition: Composing shots in a style reminiscent of film cinematography, often for storytelling.",360-Degree Perspective: Providing a complete all-around view of a scene or subject.,"CoBrA (Copenhagen, Brussels, Amsterdam)","Arctic Exploration: Depicting polar expeditions, Inuit cultures, and Arctic environments.","Festive: Bright and celebratory colors, often used for holidays or special occasions."
"Microcosms/Miniature Worlds: Detailed miniature scenes, tiny worlds.","Time Loop: Characters experience the same period repeatedly, often leading to self-discovery or problem-solving.","Joyful/Happy: Conveys a sense of happiness, positivity, and upliftment.","Rule of Thirds: Dividing the frame into thirds, both horizontally and vertically, and placing key elements at these intersections.","Bird's-Eye View: An overhead perspective, offering a comprehensive view from above.",Mail Art,Prehistoric/Ancient: Depicting times before recorded history or ancient civilizations.,"Monochrome: Utilizing shades of a single color, creating a cohesive and focused effect."
"Shadow Play: Imagery focused on shadows, silhouettes, and light play.","Lost Civilization: Exploration or discovery of an ancient, forgotten society.","Melancholic/Somber: A mood of sadness, introspection, or solemnity.","Symmetry and Balance: Creating a harmonious balance, either through symmetrical or asymmetrical composition.","Worm's-Eye View: Looking up from a low angle, making subjects appear large and imposing.",Transavanguardia,"Classical Antiquity: Focusing on the classical civilizations, like Greek and Roman eras.","Complementary: Colors opposite each other on the color wheel, offering high contrast and vibrant visuals."
Optical Illusions: Images that create visual tricks or illusions.,Generation Ship: Life and challenges on a spaceship traveling for generations to reach its destination.,"Mysterious/Enigmatic: Evokes curiosity, intrigue, and a sense of the unknown.",Leading Lines: Using natural or constructed lines to guide the viewer's eye to the focal point.,"Eye-Level: The most natural perspective, replicating human sight line, relatable and straightforward.",Viennese Secession,"Medieval: Covering the Middle Ages, characterized by feudalism, castles, and knights.","Analogous: Colors next to each other on the color wheel, creating a harmonious and serene look."
"Body Art/Tattoos: Artistic body modifications, tattoo art.",Courtroom Drama: Focuses on legal battles and the intricacies of the justice system.,"Romantic/Loving: Expresses affection, love, or romantic sentiment.",Frame within a Frame: Using elements within the scene to create a frame around the subject.,"High Angle: Looking down on a subject, can make them appear smaller or less significant.",Trompe-l'œil,"Renaissance: Representing the period of renewed interest in arts and sciences, bridging the medieval and modern eras.","Triadic: Using three colors evenly spaced around the color wheel, creating a dynamic and balanced palette."
"Clockwork/Mechanical: Clocks, gears, mechanical devices, steampunk themes.",Artificial Intelligence Uprising: Revolves around AI gaining consciousness and its consequences.,"Serene/Peaceful: Conveys calmness, tranquility, and a sense of peace.","Depth and Layering: Creating a sense of depth by layering foreground, middle, and background elements.","Low Angle: Looking up at a subject, often used to convey power or grandeur.",Neo-Geo,Baroque/Rococo: Depicting the ornate and elaborate styles of the 17th and 18th centuries.,"Neutral: Incorporating whites, blacks, grays, and sometimes beiges, offering a subtle and sophisticated feel."
"Dreams/Nightmares: Dream sequences, nightmarish imagery, dreamscapes.","Body Swap: Characters switch bodies, leading to various comedic and dramatic situations.","Energetic/Vibrant: Reflects liveliness, dynamism, and high energy.",Negative Space: Utilizing empty or open space around the subject to draw attention to it.,"Dutch Angle/Tilt: A tilted perspective, creating a sense of unease or dynamic tension.",Process Art,"Industrial Revolution: Focusing on the era of industrialization, with themes of machinery, urbanization, and social change.","Warm: Reds, oranges, and yellows, conveying warmth, energy, and excitement."
"Elemental Forces: Depictions of earth, wind, fire, and water in various forms.",Secret Society: Explores the workings of a hidden organization with unique customs or powers.,Foreboding/Ominous: A sense of impending danger or something negative.,Perspective and Angles: Using unique angles or perspectives to create a particular viewpoint or effect.,"Aerial: Similar to bird's-eye but often at a higher altitude, commonly used in drone photography.",New Leipzig School,"Modern (20th Century): Encompassing both World Wars, the rise of technology, and major social shifts.","Cool: Blues, greens, and purples, evoking calmness, tranquility, and professionalism."
Cosmic Mysteries: Imagery inspired by cosmic phenomena and mysteries.,"Pirate Adventure: Set in the world of sea pirates, treasure hunts, and naval battles.",Nostalgic/Sentimental: Evokes a longing for the past or a sense of wistfulness.,"Pattern and Repetition: Repeating elements to create a pattern, which can add interest or emphasize aspects of the subject.","First-Person Perspective: Showing the viewpoint of a character, immersing the viewer in their experience.",Folk Art,"Contemporary: Representing the current or very recent period, with modern-day settings and themes.","Pastel: Soft, light tints of colors, creating a gentle, soothing, and friendly atmosphere."
"Ancient Civilizations: Lost cities, ancient ruins, historical civilizations.",Celebrity Life: Focuses on the highs and lows of a celebrity's life.,"Surreal/Dreamlike: Conveys a sense of unreality, fantasy, or dreaminess.","Color Composition: Using color deliberately to create mood, balance, or focus.","Three-Point: Involving three vanishing points, often used in architectural or urban photography for a dramatic effect.",Arte Nucleare,"Futuristic/Sci-Fi: Imagining future settings, often with advanced technology, space travel, or dystopian themes.","Vibrant: Bright, saturated colors, generating energy and vivacity."
"Biomimicry/Nature-Inspired Design: Designs inspired by nature, biomimetic concepts.",Steampunk Universe: Set in a world where steam power is the primary technology.,"Humorous/Playful: Reflects fun, humor, and a light-hearted nature.",Texture and Detail: Focusing on the texture or fine details of the subject to create a particular effect or mood.,"Forced Perspective: Employing optical illusions to make objects appear larger, smaller, closer, or further away than they actually are.",Metaphysical Painting,"Fantasy/Mythological: Creating worlds or scenarios that are not bound by historical accuracy, often inspired by mythology or imagination.","Earth Tones: Browns, tans, and greens, often found in nature, providing a grounded, organic feel."
"Time Travel/Temporal: Scenes depicting time travel, temporal anomalies.",Cybernetic Enhancement: The implications of humans enhancing themselves with technology.,,,,Haptic Art,,
"Esoteric/Spiritual: Esoteric symbols, spiritual scenes, mystical imagery.","Animal's Perspective: A narrative from the viewpoint of an animal, real or fictional.",,,,Neo-Fauvism,,
"Puppetry/Marionettes: Puppets, marionettes, puppeteering scenes.",Forbidden Love: A romance that is hindered by societal norms or external factors.,,,,YBA (Young British Artists),,
"Kaleidoscopic/Pattern: Images with repetitive patterns, kaleidoscopic designs.",Elderly Protagonist: Focuses on the life and challenges of an older character.,,,,Abstract Illusionism,,
"Ice Sculptures/Frozen Moments: Ice art, frozen scenes, frost patterns.",Amnesia: Revolves around a character's struggle with memory loss.,,,,Postminimalism,,
"Light Painting/Long Exposure: Light trails, long exposure photography, light art.",Parallel Life: A character experiences what their life could have been under different circumstances.,,,,Pattern and Decoration,,
"Sand Art/Sand Sculptures: Sand designs, sandcastles, intricate sand art.",Ghost Story: Involves hauntings or interactions with the spirit world.,,,,Neo-Rococo,,
"Origami/Paper Art: Paper folding art, origami scenes, paper sculptures.",Superhero: Focuses on characters with extraordinary abilities and their adventures.,,,,Synthetism,,
"Labyrinths/Mazes: Complex labyrinths, maze designs, puzzle imagery.",Villain's Perspective: A story told from the antagonist’s point of view.,,,,Lyric Abstraction,,
"Sound Waves/Audio Visual: Visual representations of sound, audio waves.",Musical World: A narrative where music plays a central role in the characters' lives.,,,,Lowbrow (Pop Surrealism),,
"Black Holes/Space Anomalies: Black holes, wormholes, space anomalies.",Extreme Weather: Survival or adventure in the face of natural disasters.,,,,Grunge Art,,
"Subatomic/Quantum World: Imagery inspired by quantum physics, subatomic particles.",Rebellion/Revolution: Centers on an uprising against an established power or order.,,,,Post-Digital Art,,
"Cyberpunk/Futuristic Cities: Cyberpunk aesthetics, futuristic urban landscapes.",Cultural Festival: Revolves around a significant cultural or religious festival.,,,,Urban Art,,
Toxic Beauty/Dangerous Allure: Beautiful yet dangerous or toxic themes.,Alien World Exploration: Discovering and exploring life on another planet.,,,,Internet Art,,
"Mirror Reflections/Double Exposure: Mirrored images, double exposure effects.","Virtual Game: Set inside a virtual reality game, blurring lines between game and reality.",,,,Generative Art,,
"Geometric/Architectural Abstraction: Abstract geometric forms, architectural abstraction.","Noir: A dark, moody narrative often involving crime and moral ambiguity.",,,,Sound Art,,
"Bioluminescence: Scenes featuring natural bioluminescence, glowing organisms.",Underwater Society: Life and challenges in an underwater civilization.,,,,Light and Space,,
"Ethereal/Astral: Ethereal landscapes, astral projections, otherworldly scenes.",Mind Control: The implications of controlling or influencing others' thoughts.,,,,Neo-Concrete Movement,,
"Tarot/Mysticism: Tarot card themes, mystical imagery, fortune telling.",Prophecy/Fulfillment: A story revolving around a prophecy and efforts to fulfill or prevent it.,,,,Relational Art,,
Elemental Spirits/Fantasy Beings: Imaginary beings representing elements or nature.,Life in Miniature: A narrative set in a world where characters are tiny or in a miniaturized environment.,,,,Zero Movement,,
Interdimensional Portals: Scenes depicting gateways to other dimensions or universes.,Lost in Space: The challenges of being stranded or lost in outer space.,,,,Fauvism,,
"Molecular Structures: Artistic representations of molecules, chemical structures.",Dimensional Travel: Characters traveling through different dimensions or universes.,,,,Dadaism,,
"Cryptography/Secret Codes: Imagery based on codes, ciphers, hidden messages.",Ancient Gods in Modern Times: Old deities or mythological figures navigating the contemporary world.,,,,Romanticism,,
"Whimsical Machines: Imaginative, whimsical, or absurd mechanical devices.",Rural Life: The unique aspects and challenges of life in a rural setting.,,,,Post-Impressionism,,
Shadow Puppets: Artistic scenes using hand shadows or shadow puppetry.,"Futuristic Sports: A narrative about sports that don't currently exist, set in the future.",,,,Constructivism,,
Urban Camouflage: Scenes of people or objects blending into urban environments.,Mind Transfer: Transferring consciousness between bodies or mediums.,,,,Expressionism,,
"Quantum Computing: Abstract representations of quantum computers, qubits.",Eco-Disaster Survival: Struggling to survive in a world ravaged by ecological disasters.,,,,Art Brut (Outsider Art),,
"Kinetic Art: Art that incorporates movement, dynamic sculptures, mobiles.",Magic in the Modern World: How magic would interact with contemporary society.,,,,Symbolism,,
Thermal Imaging/Heat Maps: Visualizations based on thermal or heat imaging.,Post-Human Evolution: Exploring the future of human evolution.,,,,Kinetic Art,,
"Synesthesia: Depictions of synesthetic experiences, blending senses.",Cyber Detective: Solving crimes in a world dominated by digital technology.,,,,Op Art (Optical Art),,
"Optical Fiber Art: Artistic uses of optical fibers, light transmitting art.",Interstellar Diplomacy: The complexities of diplomacy between different space-faring civilizations.,,,,High Renaissance,,
"Magnetic Fields: Visual representations of magnetic fields, ferrofluid art.",Time-Traveling Historian: Historians traveling through time to experience historical events firsthand.,,,,Mannerism,,
"Soundproof/Silence: Imagery depicting silence, soundproof environments.",Nanotechnology Wonders: The world transformed by advanced nanotechnology.,,,,Pre-Raphaelite,,
"Digital Glitch/Corruption: Art based on digital glitches, corrupted data visuals.","Ancient Artifact Discovery: The discovery and impact of an ancient, powerful artifact.",,,,Neo-Expressionism,,
"Holographic Imagery: Scenes depicting holograms, holographic technology.",Life as an Android: Exploring the life and identity challenges of an android.,,,,Art Informel,,
"Rube Goldberg Machines: Complex, humorous machines that perform simple tasks.",Parallel Earth: A story set on an Earth-like planet with key differences.,,,,Suprematism,,
"Zentangles/Doodle Art: Complex doodle art, zentangle patterns.",Space Colony Life: Daily life and challenges in a space colony.,,,,Pointillism,,
"High-Speed Photography: Capturing fast-moving scenes, splashes, explosions.",Terraforming: The process and implications of terraforming a new planet.,,,,Land Art,,
"Psychodelia: Psychedelic imagery, trippy patterns, mind-altering visuals.",Haunted Location: A narrative centered around a place known for its supernatural occurrences.,,,,Photorealism,,
"Ancient Scripts/Runic Symbols: Imagery based on ancient scripts, runes, glyphs.",Cults and Beliefs: Exploring the dynamics and impact of cults.,,,,Environmental Art,,
ugmented Reality: Scenes blending virtual elements with the real world.,Galactic Federation: Politics and intrigue within a governing body of multiple alien species.,,,,Arte Povera,,
Antigravity Concepts: Imagery depicting anti-gravity environments or effects.,Immortality Quest: The pursuit of eternal life and its consequences.,,,,Neo-Dada,,
"Sacred Geometry: Art based on sacred geometry, spiritual symbols.",Intergalactic Refugee: The journey and challenges of a refugee from another planet.,,,,Color Field Painting,,
"Surreal Clockworks: Imagery of surreal, abstract clocks and timepieces.",Time Paradox: Dealing with the complexities and consequences of altering the timeline.,,,,Hard-Edge Painting,,
Paper Cut-Out Art: Scenes created with intricate paper cut-out designs.,Shadow World: A narrative set in a hidden world that exists parallel to our known reality.,,,,Video Art,,
"Infrared Photography: Imagery based on infrared light, unseen spectrums.","Tech-Noir: A fusion of science fiction and noir, featuring high-tech and low-life elements.",,,,Psychedelic Art,,
Steampunk Fantasy: Combining steampunk elements with fantasy themes.,Deserted Island Survival: The challenges of surviving on a deserted island.,,,,Installation Art,,
Origami Architecture: Buildings or structures designed in origami style.,Dream Manipulation: Exploring the ability to enter and manipulate dreams.,,,,Victorian,,
Shadow and Light Interplay: Artistic play of shadows and light in various forms.,Virtual Afterlife: The concept of consciousness living on in a digital afterlife.,,,,De Stijl (Neoplasticism),,
Echo/Acoustic Art: Visual representations of echoes or acoustic phenomena.,Alien Invasion: The impact and response to an extraterrestrial invasion.,,,,Action Painting,,
"Neon Urban Nights: Vibrant neon-lit urban scenes, night cityscapes.",Historical Conspiracy: Uncovering a conspiracy that alters historical understanding.,,,,Impressionism,,
"M.C. Escher Inspired: Impossible structures, optical illusions in Escher's style.",Mind-Bending Reality: A narrative where reality is not what it seems and is constantly shifting.,,,,Art Nouveau,,
"Undersea Fantasy: Imaginary undersea creatures, landscapes, and cities.",Lost in Time: A character unexpectedly finds themselves in a different time period.,,,,Black and White Photography,,
Gravity Distortions: Scenes where gravity appears distorted or nonexistent.,Space Pirate: The life and adventures of a pirate in outer space.,,,,Cubism,,
X-Ray Vision: Scenes visualized as if seen through X-ray imaging.,Apocalyptic Cult: A story centered around a cult that predicts or causes an apocalypse.,,,,Surrealism,,
"Psychedelic Nature: Nature scenes with a psychedelic, surreal twist.",Anti-Utopia: A seemingly perfect society with underlying dystopian elements.,,,,Abstract Expressionism,,
"Wireframe Digital Art: 3D wireframe models, digital wireframe landscapes.",Cross-Cultural Romance: A love story between individuals from vastly different cultures.,,,,Baroque,,
"Vortex and Spirals: Imagery focusing on vortexes, spirals, and whirling forms.",Medieval Fantasy: Set in a medieval world with fantasy elements like magic and mythical creatures.,,,,Minimalism,,
Calligraphy Art: Artistic scenes incorporating calligraphic elements.,Alternate History: A narrative based on an altered historical event leading to a different present.,,,,Digital 3D Rendering,,
"Urban Wildlife: Wildlife adapted to urban environments, city animals.",Robot Rebellion: The uprising of robots against their human creators.,,,,Pop Art,,
"Microchip/Circuitry Art: Art based on microchips, circuit boards, electronic patterns.",Magical School: The adventures and challenges in a school for magic.,,,,Gothic,,
Bionic/Cybernetic Enhancements: Imagery of humans with bionic enhancements.,Futuristic Healer: A story about a medical professional in the future with advanced technology.,,,,Renaissance,,
"Abstract Mathematics: Visual interpretations of mathematical concepts, theorems.",Zombie Apocalypse: Survival in a world overrun by zombies.,,,,Street Art (Graffiti),,
"Cosmic Horror: Scenes inspired by cosmic horror, Lovecraftian themes.",Parallel Personalities: A character exhibits different personalities in parallel worlds.,,,,Japanese Ukiyo-e,,
Lightning Photography: Capturing the beauty and power of lightning.,Mythical Creature Companion: A narrative involving a human's bond with a mythical creature.,,,,Art Deco,,
"Deep-Sea Exploration: Imagery related to deep-sea vehicles, alien-like sea life.","Age Regression: A character experiences life in reverse, becoming younger.",,,,Rococo,,
"Time-lapse Photography: Scenes showing time-lapse effects, changing landscapes.",Living Artwork: Artwork or statues that come to life and interact with the real world.,,,,Neo-Classicism,,
"Ancient Alchemy: Imagery inspired by alchemical symbols, processes.",Space Tourism: The adventures of tourists traveling in space.,,,,Conceptual Art,,
"Fractal Landscapes: Complex fractal patterns, fractal-based natural scenes.",Super-Intelligent Animals: Animals with enhanced intelligence and their interactions with humans.,,,,Byzantine Art,,
"Dark Matter Concepts: Artistic interpretations of dark matter, space mysteries.",Hidden Magic in Everyday Life: Magic existing unnoticed in the modern world.,,,,Futurism,,
Urban Rooftops: Scenes depicting the life and views from urban rooftops.,Futuristic Detective: Solving crimes in a highly advanced technological future.,,,,,,
"Ghost Towns/Abandoned Cities: Depictions of abandoned places, ghost towns.",Interdimensional War: A war that spans across multiple dimensions or realities.,,,,,,
Tesseract/4D Objects: Artistic interpretations of four-dimensional objects.,Virtual Reality Addiction: The impact of addiction to virtual worlds.,,,,,,
"Liquid Metal Art: Imagery based on liquid metal, fluid metallic forms.",Lost Explorer: The story of an explorer lost in an uncharted territory.,,,,,,
"Biotech/Futuristic Biology: Scenes of futuristic biotechnology, bioengineering.",Alien Assimilation: Aliens trying to integrate into human society.,,,,,,
"Kinetic Sand Art: Scenes created with kinetic sand, dynamic sand sculptures.",Doppelgänger: A character encounters their exact look-alike leading to unexpected consequences.,,,,,,
Light Echoes/Astronomical Phenomena: Light echoes and other cosmic events.,Magical Heist: A heist that involves the use of magic and magical artifacts.,,,,,,
Retrofuturism: Imagery combining retro styles with futuristic concepts.,Underground Civilization: A narrative about a civilization living beneath the Earth's surface.,,,,,,
"Sound Visualizations: Art based on visual representations of sound, audio waves.",Time-Traveling Thief: A thief who uses time travel to commit perfect crimes.,,,,,,
"Astral Projection: Depicting the concept of astral projection, out-of-body experiences.","Immersive Theater: A story set in an all-encompassing, interactive theatrical experience.",,,,,,
Color Blind Perspectives: Artistic interpretations of color blind vision.,Cyber-Warfare: The implications of warfare conducted through digital means.,,,,,,
"Solar Flares/Space Weather: Imagery based on solar flares, space weather phenomena.",Quantum Realm Exploration: Adventures in a realm governed by quantum mechanics.,,,,,,
"Human Anatomy Art: Artistic interpretations of human anatomy, body systems.",Futuristic Olympics: Olympic games featuring futuristic sports and technology.,,,,,,
"Magnetic Levitation: Scenes depicting magnetic levitation, floating objects.",Alien Anthropologist: An alien studying human culture and society.,,,,,,
"Chromatic Aberration: Art based on chromatic aberration, color distortions.",Prehistoric Adventure: A narrative set in prehistoric times with dinosaurs and early humans.,,,,,,
"Crystallography: Art inspired by crystal structures, geometric crystal forms.",Space Elevator: Life and events centered around a space elevator.,,,,,,
"Urban Farming/Green Roofs: Depictions of urban farming, rooftop gardens.",Superpowered School: A school for individuals with superpowers.,,,,,,
"Nano Art: Art based on nanoscale designs, molecular art.",Climate Change Dystopia: A future world drastically altered by climate change.,,,,,,
"Celestial Events: Eclipses, meteor showers, rare astronomical events.",Multi-Generational Saga: A story that spans several generations of a family.,,,,,,
"Perspective Play: Scenes playing with perspective, forced perspective art.",Ghost Town Mystery: Unraveling the mystery of an abandoned or haunted town.,,,,,,